ID,filename,trial_type,chamber,channel_letter,channel_num,set_number,average_speed,total_flight_time,distance,shortest_flying_bout,longest_flying_bout,portion_flying,recording_duration,max_speed
114,set001-2-17-2020-A2_114.txt,T1,A-2,A,2,01,0.21,0,1.88,0,0,0,2012.03,0.18
318,set001-2-17-2020-A2_318.txt,T1,A-2,A,2,01,0.31,6101.21,1818.3,0,6101.21,0.97,6300.43,0.48
37,set001-2-17-2020-A2_37.txt,T1,A-2,A,2,01,0,0,1.26,0,0,0,1977.11,0
423,set001-2-17-2020-A2_423.txt,T1,A-2,A,2,01,0.27,574.47,11.31,0,541.54,0.29,1970.35,0.37
426,set001-2-17-2020-A2_426.txt,T1,A-2,A,2,01,0.42,8.81,7.54,0,7.52,0.0,2224.07,0.51
427,set001-2-17-2020-A2_427.txt,T1,A-2,A,2,01,0.27,4357.76,1009.05,0,4319.5,0.68,6425.55,0.46
435,set001-2-17-2020-A2_435.txt,T1,A-2,A,2,01,0.4,12023.89,4450.88,112.4,11883.99,0.95,12662.99,0.64
143,set001-2-17-2020-A3_143.txt,T1,A-3,A,3,01,0.36,38.47,14.45,0,38.47,0.02,2335.59,0.4
275,set001-2-17-2020-A3_275.txt,T1,A-3,A,3,01,0.29,29884.91,8521.0,0,29884.91,0.96,31275.23,0.41
133,set001-2-17-2020-A4_133.txt,T1,A-4,A,4,01,0.33,157.68,27.02,0,50.79,0.08,2046.19,0.47
138,set001-2-17-2020-A4_138.txt,T1,A-4,A,4,01,0,0,0,0,0,0,2188.71,0
153,set001-2-17-2020-A4_153.txt,T1,A-4,A,4,01,0,0,0.63,0,0,0,2016.15,0
179,set001-2-17-2020-A4_179.txt,T1,A-4,A,4,01,0.35,6.89,2.51,0,6.89,0.0,2080.07,0.26
199,set001-2-17-2020-A4_199.txt,T1,A-4,A,4,01,0.29,7.51,1.88,0,7.51,0.0,1872.39,0.28
208,set001-2-17-2020-A4_208.txt,T1,A-4,A,4,01,0.22,1349.37,5.03,0,1346.99,0.61,2208.63,0.26
213,set001-2-17-2020-A4_213.txt,T1,A-4,A,4,01,0.31,0,1.88,0,0,0,1970.43,0
242,set001-2-17-2020-A4_242.txt,T1,A-4,A,4,01,0.32,2232.79,686.1,0,2232.79,0.94,2379.19,0.4
338,set001-2-17-2020-A4_338.txt,T1,A-4,A,4,01,0.29,2721.94,767.15,0,2721.94,0.65,4196.39,0.39
356,set001-2-17-2020-A4_356.txt,T1,A-4,A,4,01,0.26,590.52,11.31,0,569.88,0.3,1983.47,0.46
36,set001-2-17-2020-A4_36.txt,T1,A-4,A,4,01,0.27,63.72,18.22,0,34.56,0.04,1817.67,0.32
74,set001-2-17-2020-A4_74.txt,T1,A-4,A,4,01,0.49,32.24,16.34,0,26.5,0.02,2093.15,0.58
92,set001-2-17-2020-A4_92.txt,T1,A-4,A,4,01,0.37,110.16,37.7,74.34,74.34,0.05,2258.43,0.51
62,set001-2-17-2020-B1_62.txt,T1,B-1,B,1,01,0.33,42079.92,13181.11,149.79,32154.61,0.97,43190.19,0.62
63,set001-2-17-2020-B1_63.txt,T1,B-1,B,1,01,0.5,1261.41,632.7,0,1261.41,0.3,4210.83,0.57
267,set001-2-17-2020-B2_267.txt,T1,B-2,B,2,01,0.24,41970.11,9822.21,0,41970.11,0.89,47401.03,0.45
202,set001-2-17-2020-B3_202.txt,T1,B-3,B,3,01,0.22,11833.33,2306.49,0,11081.24,0.93,12729.19,0.36
203,set001-2-17-2020-B3_203.txt,T1,B-3,B,3,01,0.23,2496.43,547.25,0,2496.43,0.61,4123.87,0.48
223,set001-2-17-2020-B3_223.txt,T1,B-3,B,3,01,0.21,4801.88,2967.46,73.28,4226.16,0.31,15463.95,0.91
189,set001-2-17-2020-B4_189.txt,T1,B-4,B,4,01,0.52,1103.4,307.87,63.5,568.16,0.5,2212.59,0.68
21,set001-2-17-2020-B4_21.txt,T1,B-4,B,4,01,0.27,649.61,8.8,0,616.38,0.3,2151.83,0.47
23,set001-2-17-2020-B4_23.txt,T1,B-4,B,4,01,0,0,1.26,0,0,0,2160.59,0
239,set001-2-17-2020-B4_239.txt,T1,B-4,B,4,01,0,0,0.63,0,0,0,2218.47,0
252,set001-2-17-2020-B4_252.txt,T1,B-4,B,4,01,0.29,40.39,12.57,0,40.39,0.02,1822.75,0.35
268,set001-2-17-2020-B4_268.txt,T1,B-4,B,4,01,0.21,18370.0,3803.1,0,18370.0,0.65,28241.71,0.47
354,set001-2-17-2020-B4_354.txt,T1,B-4,B,4,01,0.18,3984.61,701.81,0,3984.61,0.95,4206.31,0.38
374,set001-2-17-2020-B4_374.txt,T1,B-4,B,4,01,0,0,0,0,0,0,2296.55,0
381,set001-2-17-2020-B4_381.txt,T1,B-4,B,4,01,0,0,0,0,0,0,2090.15,0
144,set002-2-18-2020-A2_144.txt,T1,A-2,A,2,02,0.23,34202.22,6956.54,104.95,19722.19,0.79,43194.99,0.46
100,set002-2-18-2020-A3_100.txt,T1,A-3,A,3,02,0.31,711.39,23.25,78.74,628.28,0.32,2220.83,0.45
17,set002-2-18-2020-A3_17.txt,T1,A-3,A,3,02,0.28,18567.34,5210.49,0,18567.34,1.0,18590.27,0.38
190,set002-2-18-2020-A3_190.txt,T1,A-3,A,3,02,0,0,0.63,0,0,0,2081.83,0
228,set002-2-18-2020-A3_228.txt,T1,A-3,A,3,02,0.23,15968.93,3664.87,0,15968.93,0.89,17966.47,0.41
4,set002-2-18-2020-A3_4.txt,T1,A-3,A,3,02,0.2,607.42,5.03,0,599.11,0.26,2335.55,0.29
122,set002-2-18-2020-A4_122.txt,T1,A-4,A,4,02,0.32,1302.78,11.31,0,730.25,0.64,2031.83,0.39
130,set002-2-18-2020-A4_130.txt,T1,A-4,A,4,02,0.42,27391.98,11170.55,0,27391.98,0.97,28285.15,0.62
19,set002-2-18-2020-B1_19.txt,T1,B-1,B,1,02,0.4,35039.86,13903.02,0,35036.34,0.99,35473.75,0.62
32,set002-2-18-2020-B1_32.txt,T1,B-1,B,1,02,0.34,213.84,70.37,198.98,198.98,0.07,3234.23,0.46
15,set002-2-18-2020-B2_15.txt,T1,B-2,B,2,02,0.27,75.03,10.68,0,53.44,0.02,3102.51,0.36
164,set002-2-18-2020-B2_164.txt,T1,B-2,B,2,02,0.2,28935.42,5809.89,63.47,28593.62,0.95,30516.39,0.59
329,set002-2-18-2020-B2_329.txt,T1,B-2,B,2,02,0,0,1.26,0,0,0,2371.07,0
106,set002-2-18-2020-B3_106.txt,T1,B-3,B,3,02,0,0,1.26,0,0,0,2111.67,0
147,set002-2-18-2020-B3_147.txt,T1,B-3,B,3,02,0.3,690.3,6.91,0,646.27,0.29,2389.27,0.32
219,set002-2-18-2020-B3_219.txt,T1,B-3,B,3,02,0.32,1293.33,3.14,0,1285.05,0.41,3143.91,0.42
270,set002-2-18-2020-B3_270.txt,T1,B-3,B,3,02,0.25,2472.21,593.12,0,2472.21,0.66,3744.19,0.57
431,set002-2-18-2020-B3_431.txt,T1,B-3,B,3,02,0.23,17464.58,3931.9,0,17464.58,0.98,17790.99,0.42
442,set002-2-18-2020-B3_442.txt,T1,B-3,B,3,02,0.33,25.62,7.54,0,10.14,0.01,1916.91,0.56
14,set002-2-18-2020-B4_14.txt,T1,B-4,B,4,02,0,0,0,0,0,0,1865.75,0
264,set002-2-18-2020-B4_264.txt,T1,B-4,B,4,02,0.23,27294.44,5838.16,0,26128.89,0.93,29231.23,0.36
160,set003-2-19-2020-A2_160.txt,T1,A-2,A,2,03,0,0,0,0,0,0,2109.39,0
238,set003-2-19-2020-A2_238.txt,T1,A-2,A,2,03,0,0,0,0,0,0,2043.11,0
27,set003-2-19-2020-A2_27.txt,T1,A-2,A,2,03,0,0,0,0,0,0,1858.95,0
295,set003-2-19-2020-A2_295.txt,T1,A-2,A,2,03,0.29,11423.82,3189.88,0,8932.38,0.86,13325.27,0.45
322,set003-2-19-2020-A2_322.txt,T1,A-2,A,2,03,0.4,7535.68,2886.41,0,7535.68,0.99,7592.67,0.59
441,set003-2-19-2020-A2_441.txt,T1,A-2,A,2,03,0.44,4296.05,1882.39,0,4296.05,0.96,4473.55,0.59
142,set003-2-19-2020-A3_142.txt,T1,A-3,A,3,03,0.21,19858.54,3975.25,0,19858.54,0.94,21078.79,0.6
204,set003-2-19-2020-A3_204.txt,T1,A-3,A,3,03,0.4,7.75,3.77,0,7.75,0.0,2223.95,0.46
227,set003-2-19-2020-A3_227.txt,T1,A-3,A,3,03,0,0,0,0,0,0,1795.71,0
292,set003-2-19-2020-A3_292.txt,T1,A-3,A,3,03,0,0,0.63,0,0,0,1723.91,0
443,set003-2-19-2020-A3_443.txt,T1,A-3,A,3,03,0.31,3261.14,970.1,0,3230.8,0.78,4160.59,0.46
109,set003-2-19-2020-A4_109.txt,T1,A-4,A,4,03,0,0,0,0,0,0,2031.67,0
11,set003-2-19-2020-A4_11.txt,T1,A-4,A,4,03,0.29,2504.78,666.0,0,2504.78,0.67,3750.95,0.45
12,set003-2-19-2020-A4_12.txt,T1,A-4,A,4,03,0.3,7346.7,2168.89,0,7346.7,0.87,8490.31,0.47
123,set003-2-19-2020-A4_123.txt,T1,A-4,A,4,03,0.29,1369.07,8.17,0,764.44,0.62,2224.91,0.37
196,set003-2-19-2020-A4_196.txt,T1,A-4,A,4,03,0.3,1018.51,57.18,179.4,839.11,0.34,2971.71,0.47
33,set003-2-19-2020-A4_33.txt,T1,A-4,A,4,03,0.23,23288.83,5318.56,0,23288.83,1.0,23317.03,0.54
401,set003-2-19-2020-A4_401.txt,T1,A-4,A,4,03,0,0,0,0,0,0,2074.47,0
444,set003-2-19-2020-A4_444.txt,T1,A-4,A,4,03,0.17,2708.17,448.61,0,2112.74,0.65,4167.87,0.24
326,set003-2-19-2020-B1_326.txt,T1,B-1,B,1,03,0.4,28886.97,11335.79,0,28886.97,1.0,28929.99,0.65
115,set003-2-19-2020-B2_115.txt,T1,B-2,B,2,03,0,0,0,0,0,0,2030.91,0
152,set003-2-19-2020-B2_152.txt,T1,B-2,B,2,03,0,0,0.63,0,0,0,1844.03,0
258,set003-2-19-2020-B2_258.txt,T1,B-2,B,2,03,0,0,0,0,0,0,3707.11,0
28,set003-2-19-2020-B2_28.txt,T1,B-2,B,2,03,0.37,18.55,8.17,0,17.14,0.01,2120.59,0.54
311,set003-2-19-2020-B2_311.txt,T1,B-2,B,2,03,0,0,0,0,0,0,2122.11,0
312,set003-2-19-2020-B2_312.txt,T1,B-2,B,2,03,0.3,2817.15,787.89,0,2815.54,0.56,5064.95,0.49
418,set003-2-19-2020-B2_418.txt,T1,B-2,B,2,03,0.16,16121.83,2227.32,73.65,3763.86,0.74,21724.67,0.66
432,set003-2-19-2020-B2_432.txt,T1,B-2,B,2,03,0.12,997.02,94.24,60.46,149.64,0.34,2969.55,0.24
45,set003-2-19-2020-B2_45.txt,T1,B-2,B,2,03,0.17,1679.45,255.09,127.1,1220.41,0.44,3827.99,0.34
129,set003-2-19-2020-B3_129.txt,T1,B-3,B,3,03,0.34,28.19,10.05,0,17.32,0.01,2120.79,0.43
269,set003-2-19-2020-B3_269.txt,T1,B-3,B,3,03,0.46,28561.11,12702.97,0,27116.46,0.98,29029.67,0.77
395,set003-2-19-2020-B3_395.txt,T1,B-3,B,3,03,0.36,0,1.88,0,0,0,2039.51,0.58
151,set003-2-19-2020-B4_151.txt,T1,B-4,B,4,03,0.33,8022.63,2576.03,0,8022.63,0.96,8346.35,0.44
347,set003-2-19-2020-B4_347.txt,T1,B-4,B,4,03,0.2,22.6,6.28,0,16.73,0.01,3001.71,0.35
412,set003-2-19-2020-B4_412.txt,T1,B-4,B,4,03,0.31,20137.26,6149.17,0,20137.26,0.92,21841.91,0.49
104,set004-2-20-2020-A2_104.txt,T1,A-2,A,2,04,0,0,0.63,0,0,0,2210.31,0
145,set004-2-20-2020-A2_145.txt,T1,A-2,A,2,04,0.41,28304.66,10920.48,0,28304.66,1.0,28427.67,0.68
149,set004-2-20-2020-A2_149.txt,T1,A-2,A,2,04,0.14,10.77,1.88,0,10.77,0.0,2524.95,0.19
274,set004-2-20-2020-A2_274.txt,T1,A-2,A,2,04,0,0,0,0,0,0,2017.51,0
50,set004-2-20-2020-A2_50.txt,T1,A-2,A,2,04,0.12,0,3.14,0,0,0,2243.51,0.12
1,set004-2-20-2020-A3_1.txt,T1,A-3,A,3,04,0.28,2164.03,596.89,0,2164.03,0.89,2436.31,0.44
71,set004-2-20-2020-A3_71.txt,T1,A-3,A,3,04,0.29,30133.94,8329.37,0,28866.08,0.86,34987.67,0.52
167,set004-2-20-2020-A4_167.txt,T1,A-4,A,4,04,0.91,0,1.88,0,0,0,1943.59,0
170,set004-2-20-2020-A4_170.txt,T1,A-4,A,4,04,0.23,9.17,8.17,0,6.17,0.0,2386.27,0.36
244,set004-2-20-2020-A4_244.txt,T1,A-4,A,4,04,0,0,0,0,0,0,2122.31,0
360,set004-2-20-2020-A4_360.txt,T1,A-4,A,4,04,0,0,0,0,0,0,2227.27,0
371,set004-2-20-2020-A4_371.txt,T1,A-4,A,4,04,0.22,2285.77,500.13,0,2285.77,0.92,2492.19,0.33
69,set004-2-20-2020-A4_69.txt,T1,A-4,A,4,04,0.26,35.09,8.8,0,16.59,0.02,2093.31,0.73
132,set004-2-20-2020-B1_132.txt,T1,B-1,B,1,04,0,0,0,0,0,0,2159.71,0
155,set004-2-20-2020-B1_155.txt,T1,B-1,B,1,04,0,0,0,0,0,0,2237.43,0
224,set004-2-20-2020-B1_224.txt,T1,B-1,B,1,04,0.3,1768.03,319.18,0,1166.13,0.38,4611.03,0.44
229,set004-2-20-2020-B1_229.txt,T1,B-1,B,1,04,0,0,0,0,0,0,2363.07,0
334,set004-2-20-2020-B1_334.txt,T1,B-1,B,1,04,0.46,38172.43,17451.03,0,38172.43,1.0,38212.71,0.6
159,set004-2-20-2020-B2_159.txt,T1,B-2,B,2,04,0,0,0,0,0,0,2103.51,0
257,set004-2-20-2020-B2_257.txt,T1,B-2,B,2,04,0.17,299.89,51.52,294.05,294.05,0.13,2233.23,0.23
320,set004-2-20-2020-B2_320.txt,T1,B-2,B,2,04,0,0,0,0,0,0,2545.07,0
376,set004-2-20-2020-B2_376.txt,T1,B-2,B,2,04,0,0,0.63,0,0,0,2171.23,0
406,set004-2-20-2020-B2_406.txt,T1,B-2,B,2,04,0.23,14.47,4.4,0,10.36,0.01,1801.95,0.36
66,set004-2-20-2020-B2_66.txt,T1,B-2,B,2,04,0.21,2305.4,10.68,0,2268.1,0.97,2373.95,0.28
107,set004-2-20-2020-B3_107.txt,T1,B-3,B,3,04,0,0,1.26,0,0,0,2149.63,0
176,set004-2-20-2020-B3_176.txt,T1,B-3,B,3,04,0.18,727.91,3.77,0,725.01,0.31,2347.31,0.22
396,set004-2-20-2020-B3_396.txt,T1,B-3,B,3,04,0.31,620.05,11.94,0,588.12,0.28,2179.59,0.37
425,set004-2-20-2020-B3_425.txt,T1,B-3,B,3,04,0.25,650.76,9.42,0,627.1,0.34,1912.91,0.58
44,set004-2-20-2020-B3_44.txt,T1,B-3,B,3,04,0.4,837.17,12.57,0,790.27,0.32,2599.51,0.98
375,set004-2-20-2020-B4_375.txt,T1,B-4,B,4,04,0.22,31671.89,6699.56,93.46,27292.21,0.67,47308.59,0.35
409,set004-2-20-2020-B4_409.txt,T1,B-4,B,4,04,0.17,21.76,5.65,0,12.75,0.01,2275.39,0.22
216,set005-2-21-2020-A2_216.txt,T1,A-2,A,2,05,0,0,0,0,0,0,2157.75,0
433,set005-2-21-2020-A2_433.txt,T1,A-2,A,2,05,0.44,533.86,21.36,0,454.35,0.27,1989.03,0.51
434,set005-2-21-2020-A2_434.txt,T1,A-2,A,2,05,0,0,0,0,0,0,2145.87,0
45,set005-2-21-2020-A2_45.txt,T1,A-2,A,2,05,0.34,21.33,6.91,0,21.33,0.0,10206.79,0.41
86,set005-2-21-2020-A2_86.txt,T1,A-2,A,2,05,0,0,0,0,0,0,2238.99,0
102,set005-2-21-2020-A3_102.txt,T1,A-3,A,3,05,0.39,24.62,10.68,0,13.37,0.01,2198.23,0.45
126,set005-2-21-2020-A3_126.txt,T1,A-3,A,3,05,0.64,0,3.14,0,0,0,2200.75,0
6,set005-2-21-2020-A3_6.txt,T1,A-3,A,3,05,0.29,5277.88,1507.92,0,5277.88,0.96,5501.99,0.37
271,set005-2-21-2020-A4_271.txt,T1,A-4,A,4,05,0.37,12233.13,4344.07,0,12233.13,0.99,12407.39,0.56
393,set005-2-21-2020-A4_393.txt,T1,A-4,A,4,05,0,0,0,0,0,0,2293.59,0
226,set005-2-21-2020-B1_226.txt,T1,B-1,B,1,05,0,0,1.26,0,0,0,2426.91,0
351,set005-2-21-2020-B1_351.txt,T1,B-1,B,1,05,0.43,12377.83,4558.32,0,11064.45,0.98,12628.43,0.69
5,set005-2-21-2020-B1_5.txt,T1,B-1,B,1,05,0,0,0,0,0,0,2079.15,0
125,set005-2-21-2020-B2_125.txt,T1,B-2,B,2,05,0.2,3027.96,584.32,0,1266.3,0.67,4518.55,0.31
306,set005-2-21-2020-B2_306.txt,T1,B-2,B,2,05,0.22,5180.67,1099.52,0,5180.67,0.41,12555.95,0.46
109,set005-2-21-2020-B3_109.txt,T1,B-3,B,3,05,0,0,0,0,0,0,1713.23,0
321,set005-2-21-2020-B3_321.txt,T1,B-3,B,3,05,0,0,0,0,0,0,1894.75,0
332,set005-2-21-2020-B3_332.txt,T1,B-3,B,3,05,0.22,2458.01,530.29,0,2458.01,0.58,4267.23,0.39
389,set005-2-21-2020-B3_389.txt,T1,B-3,B,3,05,0,0,1.26,0,0,0,2479.27,0
248,set005-2-21-2020-B4_248.txt,T1,B-4,B,4,05,0.24,3545.87,814.28,0,3545.87,0.91,3895.43,0.4
41,set005-2-21-2020-B4_41.txt,T1,B-4,B,4,05,0,0,0,0,0,0,2049.51,0
91,set005-2-21-2020-B4_91.txt,T1,B-4,B,4,05,0,0,0,0,0,0,2489.55,0
294,set006-2-24-2020-A1_294.txt,T1,A-1,A,1,06,0.15,19.15,8.17,0,9.45,0.01,2295.95,0.19
319,set006-2-24-2020-A1_319.txt,T1,A-1,A,1,06,0.22,51.49,16.96,0,22.71,0.02,2339.43,0.92
328,set006-2-24-2020-A1_328.txt,T1,A-1,A,1,06,0,0,0.63,0,0,0,2111.15,0
335,set006-2-24-2020-A1_335.txt,T1,A-1,A,1,06,0.19,0,2.51,0,0,0,1947.75,0
9,set006-2-24-2020-A1_9.txt,T1,A-1,A,1,06,0.34,13306.3,4489.2,0,13306.3,0.74,18061.67,0.71
218,set006-2-24-2020-A2_218.txt,T1,A-2,A,2,06,0,0,1.26,0,0,0,2510.39,0
420,set006-2-24-2020-A2_420.txt,T1,A-2,A,2,06,0.56,2255.44,3.14,0,2252.88,0.98,2289.87,0.82
7,set006-2-24-2020-A2_7.txt,T1,A-2,A,2,06,0.46,40821.69,17696.7,106.25,35892.42,1.0,40957.71,0.68
110,set006-2-24-2020-A3_110.txt,T1,A-3,A,3,06,0.21,566.36,7.54,0,546.88,0.24,2381.75,0.36
16,set006-2-24-2020-A3_16.txt,T1,A-3,A,3,06,0,0,0,0,0,0,2182.79,0
206,set006-2-24-2020-A3_206.txt,T1,A-3,A,3,06,0,0,0,0,0,0,2203.91,0
256,set006-2-24-2020-A3_256.txt,T1,A-3,A,3,06,0,0,0,0,0,0,2233.03,0
281,set006-2-24-2020-A3_281.txt,T1,A-3,A,3,06,0.25,48.91,12.57,0,25.77,0.01,6708.23,0.33
416,set006-2-24-2020-A3_416.txt,T1,A-3,A,3,06,0.34,57.11,17.59,0,49.35,0.02,2286.71,0.47
419,set006-2-24-2020-A3_419.txt,T1,A-3,A,3,06,0,0,0.63,0,0,0,2588.99,0
8,set006-2-24-2020-A3_8.txt,T1,A-3,A,3,06,0,0,0,0,0,0,1867.23,0
81,set006-2-24-2020-A3_81.txt,T1,A-3,A,3,06,0,0,0,0,0,0,2203.27,0
118,set006-2-24-2020-A4_118.txt,T1,A-4,A,4,06,0.19,0,3.14,0,0,0,2028.31,0
262,set006-2-24-2020-A4_262.txt,T1,A-4,A,4,06,0.19,11411.52,2127.42,0,11411.52,0.63,18187.67,0.91
146,set006-2-24-2020-B1_146.txt,T1,B-1,B,1,06,0,0,0,0,0,0,2225.79,0
158,set006-2-24-2020-B1_158.txt,T1,B-1,B,1,06,0,0,0,0,0,0,2253.47,0
187,set006-2-24-2020-B1_187.txt,T1,B-1,B,1,06,0,0,0,0,0,0,2128.79,0
217,set006-2-24-2020-B1_217.txt,T1,B-1,B,1,06,0,0,0,0,0,0,2205.51,0
250,set006-2-24-2020-B1_250.txt,T1,B-1,B,1,06,0.23,7.02,2.51,0,7.02,0.0,2301.27,0.2
34,set006-2-24-2020-B1_34.txt,T1,B-1,B,1,06,0.28,4556.64,1226.44,0,4537.73,0.72,6337.55,0.42
417,set006-2-24-2020-B1_417.txt,T1,B-1,B,1,06,0.29,635.56,3.14,0,632.87,0.09,6812.55,0.35
124,set006-2-24-2020-B2_124.txt,T1,B-2,B,2,06,0.25,70.65,15.08,0,46.64,0.03,2176.19,0.44
205,set006-2-24-2020-B2_205.txt,T1,B-2,B,2,06,0.23,1236.49,6.28,0,1224.14,0.18,6795.23,0.37
240,set006-2-24-2020-B2_240.txt,T1,B-2,B,2,06,0,0,0,0,0,0,2267.71,0
259,set006-2-24-2020-B2_259.txt,T1,B-2,B,2,06,0.3,1246.64,10.05,0,674.56,0.56,2229.87,0.42
390,set006-2-24-2020-B2_390.txt,T1,B-2,B,2,06,0,0,0,0,0,0,2103.27,0
405,set006-2-24-2020-B2_405.txt,T1,B-2,B,2,06,0,0,0,0,0,0,2275.63,0
47,set006-2-24-2020-B2_47.txt,T1,B-2,B,2,06,0.37,27759.02,10115.0,0,27707.54,1.0,27828.11,0.5
72,set006-2-24-2020-B2_72.txt,T1,B-2,B,2,06,0.61,0,1.88,0,0,0,2345.91,0.71
103,set006-2-24-2020-B3_103.txt,T1,B-3,B,3,06,0.26,0,3.14,0,0,0,2118.99,0.16
13,set006-2-24-2020-B3_13.txt,T1,B-3,B,3,06,0.22,52.31,3.77,0,46.44,0.02,2444.71,0.3
2,set006-2-24-2020-B3_2.txt,T1,B-3,B,3,06,0,0,0,0,0,0,2409.99,0
230,set006-2-24-2020-B3_230.txt,T1,B-3,B,3,06,0.2,612.65,10.68,0,565.49,0.26,2333.51,0.32
233,set006-2-24-2020-B3_233.txt,T1,B-3,B,3,06,0,0,0,0,0,0,2116.03,0
411,set006-2-24-2020-B3_411.txt,T1,B-3,B,3,06,0.18,18.1,6.28,0,7.8,0.01,2123.27,0.24
415,set006-2-24-2020-B3_415.txt,T1,B-3,B,3,06,0.17,1556.72,245.67,0,1556.72,0.17,9071.87,0.34
43,set006-2-24-2020-B3_43.txt,T1,B-3,B,3,06,0,0,0,0,0,0,2246.55,0
403,set006-2-24-2020-B4_403.txt,T1,B-4,B,4,06,0.25,35743.59,8826.99,0,35743.59,0.74,48021.99,0.51
201,set007-2-25-2020-A1_201.txt,T1,A-1,A,1,07,0.36,10380.99,3338.16,0,9856.02,1.0,10422.43,0.54
246,set007-2-25-2020-A1_246.txt,T1,A-1,A,1,07,0,0,0,0,0,0,1766.35,0
394,set007-2-25-2020-A1_394.txt,T1,A-1,A,1,07,0.42,36982.67,14887.57,0,36982.67,1.0,37047.19,0.61
188,set007-2-25-2020-A2_188.txt,T1,A-2,A,2,07,0.15,790.22,2.51,0,784.08,0.36,2170.43,0.21
222,set007-2-25-2020-A2_222.txt,T1,A-2,A,2,07,0,0,0.63,0,0,0,2124.79,0
237,set007-2-25-2020-A2_237.txt,T1,A-2,A,2,07,0,0,0,0,0,0,2269.31,0
346,set007-2-25-2020-A2_346.txt,T1,A-2,A,2,07,0.19,12.13,4.4,0,12.13,0.01,2227.67,0.27
382,set007-2-25-2020-A2_382.txt,T1,A-2,A,2,07,0.21,14898.35,2889.55,0,14898.35,0.95,15650.87,0.4
383,set007-2-25-2020-A2_383.txt,T1,A-2,A,2,07,0.38,16490.27,6064.98,0,10748.15,0.73,22624.59,0.61
59,set007-2-25-2020-A2_59.txt,T1,A-2,A,2,07,0,0,0.63,0,0,0,2168.27,0
184,set007-2-25-2020-A3_184.txt,T1,A-3,A,3,07,0.21,74.69,16.34,0,25.24,0.03,2171.95,0.31
209,set007-2-25-2020-A3_209.txt,T1,A-3,A,3,07,0.31,9179.05,2601.79,0,9179.05,0.96,9541.23,0.56
235,set007-2-25-2020-A3_235.txt,T1,A-3,A,3,07,0.28,15.22,5.03,0,15.22,0.01,2211.39,0.43
25,set007-2-25-2020-A3_25.txt,T1,A-3,A,3,07,0.27,1716.75,450.49,0,1716.75,0.63,2736.31,0.5
263,set007-2-25-2020-A3_263.txt,T1,A-3,A,3,07,0,0,0.63,0,0,0,2140.95,0
30,set007-2-25-2020-A3_30.txt,T1,A-3,A,3,07,0.24,1252.37,5.03,0,1246.94,0.59,2137.31,0.38
339,set007-2-25-2020-A3_339.txt,T1,A-3,A,3,07,0.16,0,1.88,0,0,0,1949.63,0
53,set007-2-25-2020-A3_53.txt,T1,A-3,A,3,07,0.27,40.83,13.19,0,16.14,0.02,2297.03,0.41
266,set007-2-25-2020-A4_266.txt,T1,A-4,A,4,07,0,0,0,0,0,0,2152.43,0
349,set007-2-25-2020-A4_349.txt,T1,A-4,A,4,07,0.24,0,1.88,0,0,0,2364.23,0
42,set007-2-25-2020-A4_42.txt,T1,A-4,A,4,07,0.42,652.76,263.89,170.4,482.36,0.29,2223.99,0.54
48,set007-2-25-2020-A4_48.txt,T1,A-4,A,4,07,0.28,23.62,6.91,0,22.63,0.01,1920.0,0.73
56,set007-2-25-2020-A4_56.txt,T1,A-4,A,4,07,0.36,16823.15,5303.48,101.45,10072.63,0.84,19945.3,0.83
260,set007-2-25-2020-B1_260.txt,T1,B-1,B,1,07,0,0,0,0,0,0,2250.39,0
282,set007-2-25-2020-B1_282.txt,T1,B-1,B,1,07,0.28,41910.43,11391.71,217.9,35009.78,0.92,45400.51,0.56
439,set007-2-25-2020-B1_439.txt,T1,B-1,B,1,07,0.3,1087.49,5.65,0,1079.98,0.48,2259.07,0.33
161,set007-2-25-2020-B2_161.txt,T1,B-2,B,2,07,0.27,23530.8,6072.52,0,23530.8,0.98,23902.63,0.46
314,set007-2-25-2020-B2_314.txt,T1,B-2,B,2,07,0,0,0,0,0,0,2227.15,0
93,set007-2-25-2020-B2_93.txt,T1,B-2,B,2,07,0.19,13.93,4.4,0,13.93,0.01,2291.19,0.3
215,set007-2-25-2020-B3_215.txt,T1,B-3,B,3,07,0.24,43288.94,10109.35,0,43288.94,1.0,43345.51,0.39
310,set007-2-25-2020-B3_310.txt,T1,B-3,B,3,07,0.3,250.92,77.28,240.44,240.44,0.11,2360.35,0.59
413,set007-2-25-2020-B3_413.txt,T1,B-3,B,3,07,0,0,0,0,0,0,2035.15,0
99,set007-2-25-2020-B3_99.txt,T1,B-3,B,3,07,0,0,0,0,0,0,2168.95,0
192,set007-2-25-2020-B4_192.txt,T1,B-4,B,4,07,0,0,0,0,0,0,1763.71,0
254,set007-2-25-2020-B4_254.txt,T1,B-4,B,4,07,0.24,36.63,3.14,0,33.05,0.02,2130.67,0.39
327,set007-2-25-2020-B4_327.txt,T1,B-4,B,4,07,0,0,1.26,0,0,0,2190.15,0
342,set007-2-25-2020-B4_342.txt,T1,B-4,B,4,07,0.22,574.89,120.01,0,550.49,0.31,1868.87,0.46
38,set007-2-25-2020-B4_38.txt,T1,B-4,B,4,07,0.23,8585.5,1935.79,0,8585.5,0.78,10947.91,0.36
428,set007-2-25-2020-B4_428.txt,T1,B-4,B,4,07,0,0,0,0,0,0,2699.95,0
46,set007-2-25-2020-B4_46.txt,T1,B-4,B,4,07,0.17,779.57,3.77,0,769.28,0.37,2093.71,0.22
87,set007-2-25-2020-B4_87.txt,T1,B-4,B,4,07,0.27,24.59,8.8,0,15.31,0.01,2413.07,0.38
168,set008-2-26-2020-A1_168.txt,T1,A-1,A,1,08,0.14,0,1.88,0,0,0,2028.63,0
212,set008-2-26-2020-A1_212.txt,T1,A-1,A,1,08,0.4,44585.41,17371.87,123.97,44461.44,1.0,44661.35,0.57
136,set008-2-26-2020-A2_136.txt,T1,A-2,A,2,08,0.37,26780.21,9792.68,0,26780.21,0.6,44509.11,0.51
96,set008-2-26-2020-A2_96.txt,T1,A-2,A,2,08,0,0,0,0,0,0,2180.87,0
193,set008-2-26-2020-A3_193.txt,T1,A-3,A,3,08,0,0,0,0,0,0,2208.51,0
211,set008-2-26-2020-A3_211.txt,T1,A-3,A,3,08,0,0,0,0,0,0,2100.83,0
225,set008-2-26-2020-A3_225.txt,T1,A-3,A,3,08,0.46,2720.94,1172.41,210.54,2456.25,0.56,4882.51,0.94
316,set008-2-26-2020-A3_316.txt,T1,A-3,A,3,08,0.34,881.17,295.3,0,881.17,0.45,1959.07,0.57
355,set008-2-26-2020-A3_355.txt,T1,A-3,A,3,08,0.23,4656.27,1044.23,0,4656.27,0.67,6908.63,0.32
388,set008-2-26-2020-A3_388.txt,T1,A-3,A,3,08,0.27,82.94,21.36,0,43.7,0.04,2105.27,0.36
40,set008-2-26-2020-A3_40.txt,T1,A-3,A,3,08,0.29,3605.61,996.48,0,3605.61,0.8,4531.51,0.39
90,set008-2-26-2020-A3_90.txt,T1,A-3,A,3,08,0.43,238.38,99.9,81.54,152.76,0.12,2040.59,0.49
119,set008-2-26-2020-A4_119.txt,T1,A-4,A,4,08,0.37,39.34,12.57,0,37.56,0.02,2041.99,0.49
140,set008-2-26-2020-A4_140.txt,T1,A-4,A,4,08,0.34,23.41,10.68,0,11.66,0.01,2100.77,0.51
231,set008-2-26-2020-A4_231.txt,T1,A-4,A,4,08,0.27,1430.75,382.63,0,1430.75,0.51,2789.79,0.39
307,set008-2-26-2020-A4_307.txt,T1,A-4,A,4,08,0.28,6351.22,1604.68,0,6351.22,0.94,6730.59,0.88
308,set008-2-26-2020-A4_308.txt,T1,A-4,A,4,08,0.37,175.97,64.09,165.7,165.7,0.08,2206.71,0.91
344,set008-2-26-2020-A4_344.txt,T1,A-4,A,4,08,0.21,13.45,2.51,0,13.45,0.01,1959.87,0.39
421,set008-2-26-2020-A4_421.txt,T1,A-4,A,4,08,0.32,424.33,135.08,0,416.24,0.2,2096.61,0.43
95,set008-2-26-2020-A4_95.txt,T1,A-4,A,4,08,0.24,52.43,13.19,0,24.28,0.01,6810.59,0.62
309,set008-2-26-2020-B1_309.txt,T1,B-1,B,1,08,0.31,23760.19,7282.63,0,18680.53,0.97,24480.71,0.45
437,set008-2-26-2020-B1_437.txt,T1,B-1,B,1,08,0.29,50.82,16.96,0,29.07,0.02,2255.27,0.33
105,set008-2-26-2020-B2_105.txt,T1,B-2,B,2,08,0,0,0,0,0,0,2782.91,0
249,set008-2-26-2020-B2_249.txt,T1,B-2,B,2,08,0.54,23226.2,12317.82,0,15314.52,0.95,24323.67,0.79
3,set008-2-26-2020-B2_3.txt,T1,B-2,B,2,08,0.34,219.51,74.77,202.95,202.95,0.11,2047.75,0.46
359,set008-2-26-2020-B2_359.txt,T1,B-2,B,2,08,0.27,38.15,23.88,0,24.33,0.02,1977.71,0.4
385,set008-2-26-2020-B2_385.txt,T1,B-2,B,2,08,0.19,679.12,5.03,0,659.71,0.31,2205.87,0.25
392,set008-2-26-2020-B2_392.txt,T1,B-2,B,2,08,0,0,1.26,0,0,0,2219.07,0
397,set008-2-26-2020-B2_397.txt,T1,B-2,B,2,08,0.25,216.16,6.28,198.44,198.44,0.09,2290.47,0.31
407,set008-2-26-2020-B2_407.txt,T1,B-2,B,2,08,0,0,0,0,0,0,2289.55,0
77,set008-2-26-2020-B2_77.txt,T1,B-2,B,2,08,0.33,4394.25,1333.25,0,4394.25,0.65,6759.91,0.55
112,set008-2-26-2020-B3_112.txt,T1,B-3,B,3,08,0,0,0.63,0,0,0,2837.99,0
120,set008-2-26-2020-B3_120.txt,T1,B-3,B,3,08,0.2,15.13,4.4,0,11.44,0.0,6655.11,0.26
200,set008-2-26-2020-B3_200.txt,T1,B-3,B,3,08,0.2,0,1.88,0,0,0,2338.51,0.23
265,set008-2-26-2020-B3_265.txt,T1,B-3,B,3,08,0.18,0,1.88,0,0,0,2341.47,0.26
31,set008-2-26-2020-B3_31.txt,T1,B-3,B,3,08,0,0,0,0,0,0,2177.07,0
52,set008-2-26-2020-B3_52.txt,T1,B-3,B,3,08,0.29,29127.49,7855.01,0,29082.89,0.95,30546.79,0.62
156,set008-2-26-2020-B4_156.txt,T1,B-4,B,4,08,0,0,0,0,0,0,2227.07,0
253,set008-2-26-2020-B4_253.txt,T1,B-4,B,4,08,0.31,23.06,7.54,0,23.06,0.01,2201.47,0.35
304,set008-2-26-2020-B4_304.txt,T1,B-4,B,4,08,0,0,0,0,0,0,2485.35,0
343,set008-2-26-2020-B4_343.txt,T1,B-4,B,4,08,0.26,28834.64,7455.41,0,28834.64,0.72,39983.07,0.44
108,set009-2-27-2020-A1_108.txt,T1,A-1,A,1,09,0,0,0.63,0,0,0,2263.71,0
18,set009-2-27-2020-A1_18.txt,T1,A-1,A,1,09,0.45,47807.4,21080.72,0,47807.4,1.0,47959.27,0.6
137,set009-2-27-2020-A2_137.txt,T1,A-2,A,2,09,0.4,14067.9,5377.62,0,14067.9,0.93,15090.95,0.57
210,set009-2-27-2020-A2_210.txt,T1,A-2,A,2,09,0.34,8496.51,2729.34,0,8496.51,0.96,8871.03,0.51
131,set009-2-27-2020-A3_131.txt,T1,A-3,A,3,09,0.29,46710.25,13484.57,0,46650.27,0.98,47807.75,0.45
245,set009-2-27-2020-A3_245.txt,T1,A-3,A,3,09,0,0,0.63,0,0,0,2415.23,0
154,set009-2-27-2020-A4_154.txt,T1,A-4,A,4,09,0.25,0,1.88,0,0,0,1758.87,0
183,set009-2-27-2020-A4_183.txt,T1,A-4,A,4,09,0.25,5318.46,1290.53,0,5318.46,0.97,5487.51,0.43
26,set009-2-27-2020-A4_26.txt,T1,A-4,A,4,09,0.4,136.21,30.79,0,52.41,0.06,2475.51,0.92
353,set009-2-27-2020-A4_353.txt,T1,A-4,A,4,09,0.24,4183.6,941.19,0,3474.67,0.54,7813.51,0.66
384,set009-2-27-2020-A4_384.txt,T1,A-4,A,4,09,0.35,556.19,111.84,199.95,300.7,0.23,2466.55,0.52
29,set009-2-27-2020-B1_29.txt,T1,B-1,B,1,09,0,0,0,0,0,0,2407.55,0
315,set009-2-27-2020-B1_315.txt,T1,B-1,B,1,09,0.46,1331.66,594.37,0,1331.66,0.55,2424.27,0.59
438,set009-2-27-2020-B1_438.txt,T1,B-1,B,1,09,0.34,44480.18,14265.55,0,43355.05,0.99,44789.15,0.62
197,set009-2-27-2020-B2_197.txt,T1,B-2,B,2,09,0,0,0,0,0,0,1976.95,0
232,set009-2-27-2020-B2_232.txt,T1,B-2,B,2,09,0,0,0,0,0,0,1281.95,0
325,set009-2-27-2020-B2_325.txt,T1,B-2,B,2,09,0.35,256.68,87.33,235.77,235.77,0.05,5415.11,0.46
35,set009-2-27-2020-B2_35.txt,T1,B-2,B,2,09,0.36,38.65,13.19,0,28.81,0.02,1818.39,0.56
429,set009-2-27-2020-B2_429.txt,T1,B-2,B,2,09,0,0,0,0,0,0,2633.11,0
49,set009-2-27-2020-B2_49.txt,T1,B-2,B,2,09,0,0,0,0,0,0,3205.91,0
98,set009-2-27-2020-B2_98.txt,T1,B-2,B,2,09,0,0,0,0,0,0,1909.51,0
10,set009-2-27-2020-B3_10.txt,T1,B-3,B,3,09,0.24,525.36,124.4,0,485.22,0.2,2628.63,0.4
135,set009-2-27-2020-B3_135.txt,T1,B-3,B,3,09,0,0,0,0,0,0,1279.83,0
345,set009-2-27-2020-B3_345.txt,T1,B-3,B,3,09,0,0,0,0,0,0,1886.67,0
350,set009-2-27-2020-B3_350.txt,T1,B-3,B,3,09,0.38,17477.53,6032.94,0,17477.53,0.72,24345.67,0.61
358,set009-2-27-2020-B3_358.txt,T1,B-3,B,3,09,0,0,0.63,0,0,0,2670.47,0
400,set009-2-27-2020-B3_400.txt,T1,B-3,B,3,09,0,0,0,0,0,0,2184.67,0
303,set009-2-27-2020-B4_303.txt,T1,B-4,B,4,09,0.17,12498.19,1914.43,82.96,8339.27,0.96,13029.19,0.35
357,set009-2-27-2020-B4_357.txt,T1,B-4,B,4,09,0,0,0.63,0,0,0,2145.75,0
424,set009-2-27-2020-B4_424.txt,T1,B-4,B,4,09,0.22,1328.07,251.32,185.63,1142.44,0.49,2721.03,0.33
169,set010-2-28-2020-A1_169.txt,T1,A-1,A,1,10,0.42,25503.46,10461.82,0,25503.46,0.95,26774.63,0.67
83,set010-2-28-2020-A1_83.txt,T1,A-1,A,1,10,0,0,0,0,0,0,2347.35,0
194,set010-2-28-2020-A2_194.txt,T1,A-2,A,2,10,0.27,4963.42,1267.91,0,4963.42,0.85,5847.11,0.46
20,set010-2-28-2020-A2_20.txt,T1,A-2,A,2,10,0.52,1653.82,860.77,0,1653.82,0.7,2370.39,0.62
261,set010-2-28-2020-A2_261.txt,T1,A-2,A,2,10,0.47,5243.35,2356.13,0,5228.87,0.83,6336.71,0.64
330,set010-2-28-2020-A2_330.txt,T1,A-2,A,2,10,0.36,1318.13,3.77,0,1311.73,0.54,2420.83,0.59
97,set010-2-28-2020-A2_97.txt,T1,A-2,A,2,10,0,0,0.63,0,0,0,3266.91,0
141,set010-2-28-2020-A3_141.txt,T1,A-3,A,3,10,0.19,74.21,5.65,64.35,64.35,0.02,3276.83,0.14
313,set010-2-28-2020-A3_313.txt,T1,A-3,A,3,10,0,0,0.63,0,0,0,2361.79,0
333,set010-2-28-2020-A3_333.txt,T1,A-3,A,3,10,0.36,18.06,9.42,0,12.76,0.01,2420.67,0.81
387,set010-2-28-2020-A3_387.txt,T1,A-3,A,3,10,0,0,0,0,0,0,2217.31,0
391,set010-2-28-2020-A3_391.txt,T1,A-3,A,3,10,0.51,2333.02,1164.24,0,2333.02,0.56,4135.03,0.63
410,set010-2-28-2020-A3_410.txt,T1,A-3,A,3,10,0.24,17573.81,4127.3,215.02,17358.79,0.99,17773.31,0.38
101,set010-2-28-2020-A4_101.txt,T1,A-4,A,4,10,0,0,1.26,0,0,0,3288.43,0
113,set010-2-28-2020-A4_113.txt,T1,A-4,A,4,10,0.36,30.31,11.94,0,19.66,0.01,2407.83,0.62
24,set010-2-28-2020-A4_24.txt,T1,A-4,A,4,10,0.25,79.03,16.96,63.84,63.84,0.03,2403.95,0.42
323,set010-2-28-2020-A4_323.txt,T1,A-4,A,4,10,0.33,4924.22,1508.55,0,4250.59,0.78,6318.55,0.5
352,set010-2-28-2020-A4_352.txt,T1,A-4,A,4,10,0.2,2332.26,442.95,0,2332.26,0.63,3683.07,0.28
54,set010-2-28-2020-A4_54.txt,T1,A-4,A,4,10,0,0,0.63,0,0,0,2140.11,0
236,set010-2-28-2020-B1_236.txt,T1,B-1,B,1,10,0.41,1017.95,413.42,0,1017.95,0.43,2387.51,0.57
293,set010-2-28-2020-B1_293.txt,T1,B-1,B,1,10,0,0,0,0,0,0,2160.63,0
324,set010-2-28-2020-B1_324.txt,T1,B-1,B,1,10,0.34,44670.66,14757.51,0,43396.38,1.0,44828.91,0.63
331,set010-2-28-2020-B1_331.txt,T1,B-1,B,1,10,0.28,3114.11,874.59,0,3105.35,0.75,4159.91,0.56
116,set010-2-28-2020-B2_116.txt,T1,B-2,B,2,10,0.38,29.09,10.05,0,29.09,0.01,3288.59,0.49
22,set010-2-28-2020-B2_22.txt,T1,B-2,B,2,10,0,0,0,0,0,0,2396.95,0
221,set010-2-28-2020-B2_221.txt,T1,B-2,B,2,10,0.51,21.97,8.17,0,13.86,0.01,2403.19,0.65
247,set010-2-28-2020-B2_247.txt,T1,B-2,B,2,10,0.17,4507.42,680.45,275.82,3097.38,0.71,6321.15,0.9
404,set010-2-28-2020-B2_404.txt,T1,B-2,B,2,10,0.19,374.22,771.55,89.01,89.01,0.06,5808.07,0.46
214,set010-2-28-2020-B3_214.txt,T1,B-3,B,3,10,0.37,12.89,4.4,0,12.89,0.01,2406.31,0.48
301,set010-2-28-2020-B3_301.txt,T1,B-3,B,3,10,0.19,3265.78,1723.43,146.81,1550.72,0.31,10677.15,0.37
408,set010-2-28-2020-B3_408.txt,T1,B-3,B,3,10,0,0,0,0,0,0,2154.51,0
139,set010-2-28-2020-B4_139.txt,T1,B-4,B,4,10,0.31,19994.51,5400.87,0,18297.56,0.87,22964.71,0.49
57,set010-2-28-2020-B4_57.txt,T1,B-4,B,4,10,0,0,0,0,0,0,2413.27,0
102,set011-3-03-2020-A1_102.txt,T2,A-1,A,1,11,0.24,7.82,3.77,0,7.82,0.0,2296.75,0.27
176,set011-3-03-2020-A1_176.txt,T2,A-1,A,1,11,0,0,1.26,0,0,0,2322.59,0
37,set011-3-03-2020-A1_37.txt,T2,A-1,A,1,11,0,0,0,0,0,0,2385.39,0
423,set011-3-03-2020-A1_423.txt,T2,A-1,A,1,11,0,0,0,0,0,0,2192.95,0
62,set011-3-03-2020-A1_62.txt,T2,A-1,A,1,11,0.43,24912.31,10187.88,0,24912.31,1.0,24960.27,0.92
179,set011-3-03-2020-A2_179.txt,T2,A-2,A,2,11,0,0,0,0,0,0,2192.55,0
209,set011-3-03-2020-A2_209.txt,T2,A-2,A,2,11,0.48,1158.61,550.39,0,618.64,0.48,2394.75,0.56
233,set011-3-03-2020-A2_233.txt,T2,A-2,A,2,11,0,0,0,0,0,0,2322.19,0
40,set011-3-03-2020-A2_40.txt,T2,A-2,A,2,11,0.29,4091.9,1145.39,0,4091.9,0.73,5575.83,0.41
69,set011-3-03-2020-A2_69.txt,T2,A-2,A,2,11,0.34,6090.56,1879.25,0,6081.04,0.69,8861.27,0.55
81,set011-3-03-2020-A2_81.txt,T2,A-2,A,2,11,0,0,0,0,0,0,2295.35,0
125,set011-3-03-2020-A3_125.txt,T2,A-3,A,3,11,0.22,7615.21,1607.82,0,7615.21,0.85,9010.55,0.37
136,set011-3-03-2020-A3_136.txt,T2,A-3,A,3,11,0.22,623.91,7.54,0,610.98,0.29,2187.83,0.33
155,set011-3-03-2020-A3_155.txt,T2,A-3,A,3,11,0.1,0,2.51,0,0,0,2184.87,0
196,set011-3-03-2020-A3_196.txt,T2,A-3,A,3,11,0,0,0,0,0,0,7.39,0
328,set011-3-03-2020-A3_328.txt,T2,A-3,A,3,11,0,0,0,0,0,0,2280.03,0
92,set011-3-03-2020-A3_92.txt,T2,A-3,A,3,11,0,0,1.26,0,0,0,2403.71,0
95,set011-3-03-2020-A3_95.txt,T2,A-3,A,3,11,0.26,690.01,10.68,0,654.14,0.36,1907.55,0.37
123,set011-3-03-2020-A4_123.txt,T2,A-4,A,4,11,0.19,0,1.88,0,0,0,2416.31,0.1
152,set011-3-03-2020-A4_152.txt,T2,A-4,A,4,11,0,0,0,0,0,0,2218.15,0
266,set011-3-03-2020-A4_266.txt,T2,A-4,A,4,11,0,0,0,0,0,0,2295.91,0
325,set011-3-03-2020-A4_325.txt,T2,A-4,A,4,11,0.3,89.42,21.99,0,41.51,0.04,2108.79,0.92
376,set011-3-03-2020-A4_376.txt,T2,A-4,A,4,11,0,0,1.26,0,0,0,2309.39,0
421,set011-3-03-2020-A4_421.txt,T2,A-4,A,4,11,0.27,97.65,25.13,0,47.68,0.04,2342.43,0.5
429,set011-3-03-2020-A4_429.txt,T2,A-4,A,4,11,0,0,0,0,0,0,1899.35,0
433,set011-3-03-2020-A4_433.txt,T2,A-4,A,4,11,0,0,0,0,0,0,2190.75,0
441,set011-3-03-2020-A4_441.txt,T2,A-4,A,4,11,0.29,118.62,26.39,0,34.53,0.05,2200.83,1.0
230,set011-3-03-2020-B1_230.txt,T2,B-1,B,1,11,0.48,22492.5,10628.32,0,15450.51,0.96,23412.99,0.63
18,set011-3-03-2020-B2_18.txt,T2,B-2,B,2,11,0,0,0,0,0,0,2193.11,0
187,set011-3-03-2020-B2_187.txt,T2,B-2,B,2,11,0,0,0,0,0,0,2293.35,0
295,set011-3-03-2020-B2_295.txt,T2,B-2,B,2,11,0.23,29.56,6.91,0,29.56,0.01,2287.71,0.34
36,set011-3-03-2020-B2_36.txt,T2,B-2,B,2,11,0.46,38258.46,17510.72,0,38205.16,1.0,38341.15,0.71
417,set011-3-03-2020-B2_417.txt,T2,B-2,B,2,11,0,0,0,0,0,0,2356.63,0
13,set011-3-03-2020-B3_13.txt,T2,B-3,B,3,11,0,0,0,0,0,0,2073.19,0
197,set011-3-03-2020-B3_197.txt,T2,B-3,B,3,11,0,0,0.63,0,0,0,2287.83,0
256,set011-3-03-2020-B3_256.txt,T2,B-3,B,3,11,0,0,0,0,0,0,2390.67,0
26,set011-3-03-2020-B3_26.txt,T2,B-3,B,3,11,0,0,1.26,0,0,0,2290.03,0
262,set011-3-03-2020-B3_262.txt,T2,B-3,B,3,11,0,0,0,0,0,0,2193.99,0
320,set011-3-03-2020-B3_320.txt,T2,B-3,B,3,11,0.2,565.88,4.4,0,550.71,0.24,2366.39,0.25
387,set011-3-03-2020-B3_387.txt,T2,B-3,B,3,11,0.21,0,2.51,0,0,0,2190.07,0.29
46,set011-3-03-2020-B3_46.txt,T2,B-3,B,3,11,0.24,711.8,6.91,0,693.06,0.38,1860.75,0.27
114,set011-3-03-2020-B4_114.txt,T2,B-4,B,4,11,0,0,0,0,0,0,2285.83,0
29,set011-3-03-2020-B4_29.txt,T2,B-4,B,4,11,0,0,0,0,0,0,2290.35,0
332,set011-3-03-2020-B4_332.txt,T2,B-4,B,4,11,0,0,0,0,0,0,2373.75,0
396,set011-3-03-2020-B4_396.txt,T2,B-4,B,4,11,0.29,2101.96,601.28,0,2101.96,0.46,4534.51,0.4
42,set011-3-03-2020-B4_42.txt,T2,B-4,B,4,11,0,0,0,0,0,0,2195.15,0
72,set011-3-03-2020-B4_72.txt,T2,B-4,B,4,11,0.21,4119.62,830.61,0,4119.62,0.45,9133.35,0.34
142,set012-3-04-2020-A1_142.txt,T2,A-1,A,1,12,0.62,1269.13,111.84,199.51,1069.62,0.68,1879.63,0.73
282,set012-3-04-2020-A1_282.txt,T2,A-1,A,1,12,0.38,3425.2,1249.69,0,3425.2,0.8,4282.47,0.52
33,set012-3-04-2020-A1_33.txt,T2,A-1,A,1,12,0.52,3228.92,1662.48,0,3228.92,0.76,4225.67,0.7
47,set012-3-04-2020-A1_47.txt,T2,A-1,A,1,12,0,0,1.26,0,0,0,2386.19,0
66,set012-3-04-2020-A1_66.txt,T2,A-1,A,1,12,0.42,16202.32,6641.13,0,16202.32,0.96,16830.99,0.56
232,set012-3-04-2020-A2_232.txt,T2,A-2,A,2,12,0.26,28060.6,7048.27,0,28060.6,1.0,28110.67,0.46
254,set012-3-04-2020-A2_254.txt,T2,A-2,A,2,12,0,0,0,0,0,0,2272.71,0
281,set012-3-04-2020-A2_281.txt,T2,A-2,A,2,12,0,0,0,0,0,0,2019.99,0
383,set012-3-04-2020-A2_383.txt,T2,A-2,A,2,12,0.35,5526.42,1805.11,0,5526.42,0.82,6700.59,0.82
131,set012-3-04-2020-A3_131.txt,T2,A-3,A,3,12,0.25,9293.02,2319.68,0,9293.02,0.82,11371.23,0.44
301,set012-3-04-2020-A3_301.txt,T2,A-3,A,3,12,0,0,0,0,0,0,2047.35,0
312,set012-3-04-2020-A3_312.txt,T2,A-3,A,3,12,0.4,6.21,3.77,0,6.21,0.0,2064.59,0.5
351,set012-3-04-2020-A3_351.txt,T2,A-3,A,3,12,0.32,10326.32,3187.37,0,10308.17,0.93,11131.31,0.52
412,set012-3-04-2020-A3_412.txt,T2,A-3,A,3,12,0.25,10208.45,2472.36,0,10208.45,0.99,10332.35,0.51
444,set012-3-04-2020-A3_444.txt,T2,A-3,A,3,12,0.38,55.64,20.11,0,55.64,0.03,2157.11,0.53
129,set012-3-04-2020-A4_129.txt,T2,A-4,A,4,12,0.31,44.63,18.85,0,25.06,0.02,1864.83,0.49
145,set012-3-04-2020-A4_145.txt,T2,A-4,A,4,12,0.45,15771.06,6839.05,92.22,15575.59,0.92,17164.51,0.65
205,set012-3-04-2020-A4_205.txt,T2,A-4,A,4,12,0,0,0,0,0,0,2155.47,0
316,set012-3-04-2020-A4_316.txt,T2,A-4,A,4,12,0,0,1.26,0,0,0,2075.47,0
416,set012-3-04-2020-A4_416.txt,T2,A-4,A,4,12,0.34,605.86,3.77,0,602.32,0.3,2049.79,0.39
83,set012-3-04-2020-A4_83.txt,T2,A-4,A,4,12,0,0,0,0,0,0,2230.31,0
91,set012-3-04-2020-A4_91.txt,T2,A-4,A,4,12,0,0,0,0,0,0,2064.55,0
2,set012-3-04-2020-B1_2.txt,T2,B-1,B,1,12,0.31,18493.82,5278.98,0,18493.82,0.7,26323.99,0.59
235,set012-3-04-2020-B1_235.txt,T2,B-1,B,1,12,0.38,6.5,4.4,0,4.75,0.0,2293.71,0.4
308,set012-3-04-2020-B1_308.txt,T2,B-1,B,1,12,0.23,3189.95,718.78,0,3189.95,0.74,4282.15,0.37
333,set012-3-04-2020-B1_333.txt,T2,B-1,B,1,12,0.37,19.62,6.91,0,19.62,0.01,2280.35,0.44
356,set012-3-04-2020-B1_356.txt,T2,B-1,B,1,12,0,0,0,0,0,0,1969.03,0
357,set012-3-04-2020-B1_357.txt,T2,B-1,B,1,12,0,0,0,0,0,0,2061.27,0
404,set012-3-04-2020-B1_404.txt,T2,B-1,B,1,12,0.24,8393.55,1982.29,0,8393.55,0.98,8585.79,0.33
77,set012-3-04-2020-B1_77.txt,T2,B-1,B,1,12,0.33,0,1.88,0,0,0,2129.63,0
133,set012-3-04-2020-B2_133.txt,T2,B-2,B,2,12,0,0,0,0,0,0,2061.95,0
226,set012-3-04-2020-B2_226.txt,T2,B-2,B,2,12,0.3,5.15,1.88,0,5.15,0.0,2188.99,0.38
239,set012-3-04-2020-B2_239.txt,T2,B-2,B,2,12,0.29,9.55,2.51,0,9.55,0.0,2181.11,0.44
271,set012-3-04-2020-B2_271.txt,T2,B-2,B,2,12,0,0,0,0,0,0,2238.11,0
303,set012-3-04-2020-B2_303.txt,T2,B-2,B,2,12,0.3,1932.22,552.28,0,1279.83,0.84,2292.11,0.82
307,set012-3-04-2020-B2_307.txt,T2,B-2,B,2,12,0.26,1791.28,446.09,0,1388.41,0.84,2121.02,0.41
309,set012-3-04-2020-B2_309.txt,T2,B-2,B,2,12,0.32,25980.28,7910.3,0,25980.28,0.99,26323.92,0.57
331,set012-3-04-2020-B2_331.txt,T2,B-2,B,2,12,0.22,728.56,4.4,0,725.23,0.33,2180.23,0.29
334,set012-3-04-2020-B2_334.txt,T2,B-2,B,2,12,0.22,26.22,5.65,0,22.1,0.01,1955.87,0.31
375,set012-3-04-2020-B2_375.txt,T2,B-2,B,2,12,0,0,0,0,0,0,2091.75,0
407,set012-3-04-2020-B2_407.txt,T2,B-2,B,2,12,0,0,0.63,0,0,0,2064.03,0
44,set012-3-04-2020-B2_44.txt,T2,B-2,B,2,12,0.37,25.16,9.42,0,13.02,0.01,2226.79,0.54
144,set012-3-04-2020-B3_144.txt,T2,B-3,B,3,12,0.31,76.62,24.5,0,41.76,0.03,2293.67,0.4
193,set012-3-04-2020-B3_193.txt,T2,B-3,B,3,12,0.51,1967.45,2.51,0,1965.96,0.89,2200.07,0.46
194,set012-3-04-2020-B3_194.txt,T2,B-3,B,3,12,0,0,0,0,0,0,2225.23,0
415,set012-3-04-2020-B3_415.txt,T2,B-3,B,3,12,0.34,42935.38,14345.35,156.66,42778.72,0.99,43206.99,0.82
113,set012-3-04-2020-B4_113.txt,T2,B-4,B,4,12,0,0,0,0,0,0,2294.51,0
12,set012-3-04-2020-B4_12.txt,T2,B-4,B,4,12,0,0,0,0,0,0,2215.79,0
132,set012-3-04-2020-B4_132.txt,T2,B-4,B,4,12,0,0,0,0,0,0,2286.55,0
215,set012-3-04-2020-B4_215.txt,T2,B-4,B,4,12,0.23,9044.11,2493.72,60.39,1906.57,0.23,38917.83,0.34
96,set012-3-04-2020-B4_96.txt,T2,B-4,B,4,12,0,0,0,0,0,0,2065.63,0
98,set012-3-04-2020-B4_98.txt,T2,B-4,B,4,12,0,0,0,0,0,0,2145.63,0
111,set013-3-05-2020-A1_111.txt,T2,A-1,A,1,13,0,0,0,0,0,0,2021.87,0
143,set013-3-05-2020-A1_143.txt,T2,A-1,A,1,13,0.18,18184.01,3148.41,68.85,15461.3,0.68,26638.15,0.44
22,set013-3-05-2020-A1_22.txt,T2,A-1,A,1,13,0,0,0,0,0,0,2227.63,0
236,set013-3-05-2020-A1_236.txt,T2,A-1,A,1,13,0.58,218.38,125.03,65.96,144.91,0.07,3056.27,0.66
315,set013-3-05-2020-A1_315.txt,T2,A-1,A,1,13,0.45,6.69,3.77,0,6.69,0.0,2223.75,0.56
359,set013-3-05-2020-A1_359.txt,T2,A-1,A,1,13,0.3,1516.64,5.65,0,1491.43,0.67,2262.95,0.35
4,set013-3-05-2020-A1_4.txt,T2,A-1,A,1,13,0,0,0.63,0,0,0,2429.67,0
419,set013-3-05-2020-A1_419.txt,T2,A-1,A,1,13,0,0,0.63,0,0,0,2183.67,0
424,set013-3-05-2020-A1_424.txt,T2,A-1,A,1,13,0.18,16.6,3.14,0,16.6,0.01,2262.63,0.21
100,set013-3-05-2020-A2_100.txt,T2,A-2,A,2,13,0.35,9246.71,2763.89,0,9246.71,0.9,10281.59,0.58
11,set013-3-05-2020-A2_11.txt,T2,A-2,A,2,13,0.38,3465.44,1310.01,0,3465.44,0.75,4631.23,0.51
322,set013-3-05-2020-A2_322.txt,T2,A-2,A,2,13,0,0,0,0,0,0,2228.67,0
355,set013-3-05-2020-A2_355.txt,T2,A-2,A,2,13,0.33,36.86,11.31,0,36.86,0.02,2269.47,0.53
358,set013-3-05-2020-A2_358.txt,T2,A-2,A,2,13,0,0,0,0,0,0,2288.19,0
382,set013-3-05-2020-A2_382.txt,T2,A-2,A,2,13,0.18,1797.13,316.03,220.55,923.49,0.6,2995.39,0.4
50,set013-3-05-2020-A2_50.txt,T2,A-2,A,2,13,0,0,0,0,0,0,2224.59,0
140,set013-3-05-2020-A3_140.txt,T2,A-3,A,3,13,0.38,32234.07,12063.36,93.11,29967.94,0.97,33329.39,0.67
204,set013-3-05-2020-A3_204.txt,T2,A-3,A,3,13,0.18,5739.2,990.2,0,5739.2,0.68,8473.99,0.41
400,set013-3-05-2020-A3_400.txt,T2,A-3,A,3,13,0,0,0,0,0,0,3046.79,0
15,set013-3-05-2020-A4_15.txt,T2,A-4,A,4,13,0.33,58.19,20.11,0,29.61,0.03,2277.23,0.54
153,set013-3-05-2020-A4_153.txt,T2,A-4,A,4,13,0,0,0,0,0,0,2185.15,0
154,set013-3-05-2020-A4_154.txt,T2,A-4,A,4,13,0,0,0,0,0,0,3039.43,0
164,set013-3-05-2020-A4_164.txt,T2,A-4,A,4,13,0.28,11059.42,2998.25,0,11059.42,0.45,24701.31,0.98
28,set013-3-05-2020-A4_28.txt,T2,A-4,A,4,13,0.22,10.19,4.4,0,10.19,0.0,2397.19,0.31
30,set013-3-05-2020-A4_30.txt,T2,A-4,A,4,13,0,0,0,0,0,0,1927.35,0
352,set013-3-05-2020-A4_352.txt,T2,A-4,A,4,13,0.17,0,1.88,0,0,0,2023.87,0.12
41,set013-3-05-2020-A4_41.txt,T2,A-4,A,4,13,0,0,0,0,0,0,2227.99,0
425,set013-3-05-2020-A4_425.txt,T2,A-4,A,4,13,0,0,0.63,0,0,0,2224.15,0
52,set013-3-05-2020-A4_52.txt,T2,A-4,A,4,13,0.37,1319.19,27.65,0,658.74,0.58,2273.19,0.56
183,set013-3-05-2020-B1_183.txt,T2,B-1,B,1,13,0.32,24036.45,7479.28,0,24036.45,0.96,25155.79,0.54
229,set013-3-05-2020-B1_229.txt,T2,B-1,B,1,13,0,0,0,0,0,0,2984.91,0
27,set013-3-05-2020-B1_27.txt,T2,B-1,B,1,13,0,0,0,0,0,0,3045.19,0
112,set013-3-05-2020-B2_112.txt,T2,B-2,B,2,13,0,0,0.63,0,0,0,2978.39,0
137,set013-3-05-2020-B2_137.txt,T2,B-2,B,2,13,0.39,28.47,12.57,0,28.47,0.01,1982.19,0.51
149,set013-3-05-2020-B2_149.txt,T2,B-2,B,2,13,0,0,0,0,0,0,2235.75,0
310,set013-3-05-2020-B2_310.txt,T2,B-2,B,2,13,0.3,20.98,6.28,0,20.98,0.01,2993.79,0.38
371,set013-3-05-2020-B2_371.txt,T2,B-2,B,2,13,0.2,1897.32,363.79,0,1897.32,0.85,2229.39,0.4
392,set013-3-05-2020-B2_392.txt,T2,B-2,B,2,13,0,0,0,0,0,0,2237.95,0
90,set013-3-05-2020-B2_90.txt,T2,B-2,B,2,13,0.21,15098.02,3148.41,82.74,14852.98,0.9,16843.47,0.34
217,set013-3-05-2020-B3_217.txt,T2,B-3,B,3,13,0,0,0,0,0,0,2837.35,0
327,set013-3-05-2020-B3_327.txt,T2,B-3,B,3,13,0,0,0,0,0,0,2970.31,0
329,set013-3-05-2020-B3_329.txt,T2,B-3,B,3,13,0,0,1.26,0,0,0,2352.07,0
345,set013-3-05-2020-B3_345.txt,T2,B-3,B,3,13,0,0,0,0,0,0,2230.19,0
350,set013-3-05-2020-B3_350.txt,T2,B-3,B,3,13,0.28,8095.91,2165.75,0,8095.91,0.81,9993.87,0.49
43,set013-3-05-2020-B3_43.txt,T2,B-3,B,3,13,0,0,0,0,0,0,3020.27,0
57,set013-3-05-2020-B3_57.txt,T2,B-3,B,3,13,0,0,1.26,0,0,0,2233.15,0
19,set013-3-05-2020-B4_19.txt,T2,B-4,B,4,13,0.24,4332.1,1176.81,65.75,781.49,0.55,7905.99,0.33
21,set013-3-05-2020-B4_21.txt,T2,B-4,B,4,13,0.19,2358.21,432.27,73.34,1929.19,0.8,2962.23,0.35
326,set013-3-05-2020-B4_326.txt,T2,B-4,B,4,13,0,0,0,0,0,0,2828.91,0
394,set013-3-05-2020-B4_394.txt,T2,B-4,B,4,13,0.35,1308.0,18.85,0,1257.04,0.56,2351.19,0.4
437,set013-3-05-2020-B4_437.txt,T2,B-4,B,4,13,0,0,0,0,0,0,3052.07,0
99,set013-3-05-2020-B4_99.txt,T2,B-4,B,4,13,0,0,0,0,0,0,2090.11,0
208,set014-3-06-2020-A1_208.txt,T2,A-1,A,1,14,0.22,57.06,19.48,0,18.28,0.03,2051.47,0.58
318,set014-3-06-2020-A1_318.txt,T2,A-1,A,1,14,0.21,677.65,5.03,0,664.75,0.33,2042.99,0.44
38,set014-3-06-2020-A1_38.txt,T2,A-1,A,1,14,0.42,24511.06,10213.64,0,24455.1,0.74,33072.51,0.59
409,set014-3-06-2020-A1_409.txt,T2,A-1,A,1,14,0.34,9695.68,3167.26,0,8597.45,0.94,10340.47,0.57
97,set014-3-06-2020-A1_97.txt,T2,A-1,A,1,14,0,0,0,0,0,0,2015.51,0
403,set014-3-06-2020-A2_403.txt,T2,A-2,A,2,14,0.38,36947.45,13709.51,0,36947.45,0.78,47298.59,0.6
410,set014-3-06-2020-A2_410.txt,T2,A-2,A,2,14,0.38,770.77,28.9,0,703.55,0.35,2224.39,0.53
202,set014-3-06-2020-A3_202.txt,T2,A-3,A,3,14,0,0,0,0,0,0,2059.67,0
223,set014-3-06-2020-A3_223.txt,T2,A-3,A,3,14,0.41,39083.77,15755.88,0,39083.77,1.0,39176.55,0.56
35,set014-3-06-2020-A3_35.txt,T2,A-3,A,3,14,0.33,44.57,11.94,0,23.91,0.02,2231.59,0.47
438,set014-3-06-2020-A3_438.txt,T2,A-3,A,3,14,0.37,5243.27,1921.97,0,5243.27,0.87,6055.15,0.63
159,set014-3-06-2020-A4_159.txt,T2,A-4,A,4,14,0.23,24759.84,5314.79,0,24759.84,0.8,31112.91,0.37
227,set014-3-06-2020-A4_227.txt,T2,A-4,A,4,14,0.36,6.12,3.14,0,5.14,0.0,1900.47,0.52
237,set014-3-06-2020-A4_237.txt,T2,A-4,A,4,14,0,0,0,0,0,0,2060.11,0
242,set014-3-06-2020-A4_242.txt,T2,A-4,A,4,14,0.25,4317.55,1041.09,0,2371.8,0.71,6096.99,0.71
306,set014-3-06-2020-A4_306.txt,T2,A-4,A,4,14,0.33,176.67,46.49,69.52,79.89,0.09,1966.71,0.6
384,set014-3-06-2020-A4_384.txt,T2,A-4,A,4,14,0.27,31.07,10.68,0,31.07,0.02,2025.71,0.39
411,set014-3-06-2020-A4_411.txt,T2,A-4,A,4,14,0,0,0,0,0,0,2120.11,0
413,set014-3-06-2020-A4_413.txt,T2,A-4,A,4,14,0.67,4.57,2.51,0,4.57,0.0,2239.91,0.92
439,set014-3-06-2020-B1_439.txt,T2,B-1,B,1,14,0.22,41331.32,8756.62,0,30509.61,0.87,47503.99,0.43
56,set014-3-06-2020-B2_56.txt,T2,B-2,B,2,14,0.31,26340.97,8058.58,79.56,26230.26,0.97,27044.99,0.65
151,set014-3-06-2020-B3_151.txt,T2,B-3,B,3,14,0.24,21981.99,5057.19,112.76,18885.71,0.54,41077.59,0.74
161,set014-3-06-2020-B3_161.txt,T2,B-3,B,3,14,0,0,0,0,0,0,2056.55,0
224,set014-3-06-2020-B3_224.txt,T2,B-3,B,3,14,0,0,0,0,0,0,2118.43,0
304,set014-3-06-2020-B3_304.txt,T2,B-3,B,3,14,0,0,0,0,0,0,2251.39,0
216,set014-3-06-2020-B4_216.txt,T2,B-4,B,4,14,0,0,0,0,0,0,1860.71,0
240,set014-3-06-2020-B4_240.txt,T2,B-4,B,4,14,0.33,17139.84,5272.07,60.68,3296.28,0.84,20440.03,0.53
385,set014-3-06-2020-B4_385.txt,T2,B-4,B,4,14,0.22,24497.02,5205.47,132.84,16473.3,0.97,25203.23,0.35
110,set015-3-09-2020-A1_110.txt,T2,A-1,A,1,15,0.38,20.77,7.54,0,20.77,0.01,2107.31,0.54
135,set015-3-09-2020-A1_135.txt,T2,A-1,A,1,15,0,0,0,0,0,0,2156.47,0
211,set015-3-09-2020-A1_211.txt,T2,A-1,A,1,15,0,0,0,0,0,0,2346.99,0
212,set015-3-09-2020-A1_212.txt,T2,A-1,A,1,15,0,0,0,0,0,0,1971.19,0
248,set015-3-09-2020-A1_248.txt,T2,A-1,A,1,15,0,0,0,0,0,0,2098.11,0
253,set015-3-09-2020-A1_253.txt,T2,A-1,A,1,15,0.46,116.77,38.33,0,57.68,0.05,2305.91,0.75
293,set015-3-09-2020-A1_293.txt,T2,A-1,A,1,15,0,0,0,0,0,0,2095.23,0
31,set015-3-09-2020-A1_31.txt,T2,A-1,A,1,15,0.17,20.28,5.65,0,11.68,0.01,2132.03,0.27
311,set015-3-09-2020-A1_311.txt,T2,A-1,A,1,15,0.31,59.38,25.76,0,35.29,0.03,2052.07,0.57
335,set015-3-09-2020-A1_335.txt,T2,A-1,A,1,15,0,0,0,0,0,0,2138.35,0
347,set015-3-09-2020-A1_347.txt,T2,A-1,A,1,15,0,0,0.63,0,0,0,2282.67,0
395,set015-3-09-2020-A1_395.txt,T2,A-1,A,1,15,0,0,0.63,0,0,0,2267.03,0
397,set015-3-09-2020-A1_397.txt,T2,A-1,A,1,15,0.27,0,2.51,0,0,0,2048.35,0
434,set015-3-09-2020-A1_434.txt,T2,A-1,A,1,15,0.12,0,2.51,0,0,0,2191.15,0.14
120,set015-3-09-2020-A2_120.txt,T2,A-2,A,2,15,0.16,0,1.88,0,0,0,2186.43,0.1
124,set015-3-09-2020-A2_124.txt,T2,A-2,A,2,15,0.33,8874.83,2631.95,0,5445.8,0.45,19706.67,0.5
139,set015-3-09-2020-A2_139.txt,T2,A-2,A,2,15,0.29,587.63,6.28,0,580.55,0.25,2347.39,0.32
214,set015-3-09-2020-A2_214.txt,T2,A-2,A,2,15,0.39,3909.15,1497.24,0,3909.15,0.93,4190.39,0.52
221,set015-3-09-2020-A2_221.txt,T2,A-2,A,2,15,0,0,0,0,0,0,1996.23,0
269,set015-3-09-2020-A2_269.txt,T2,A-2,A,2,15,0,0,0,0,0,0,2282.43,0
313,set015-3-09-2020-A2_313.txt,T2,A-2,A,2,15,0,0,0,0,0,0,2190.47,0
428,set015-3-09-2020-A2_428.txt,T2,A-2,A,2,15,0,0,0,0,0,0,2266.67,0
432,set015-3-09-2020-A2_432.txt,T2,A-2,A,2,15,0.24,1943.99,432.27,0,1943.99,0.9,2148.15,0.4
5,set015-3-09-2020-A2_5.txt,T2,A-2,A,2,15,0,0,0,0,0,0,2313.07,0
261,set015-3-09-2020-A3_261.txt,T2,A-3,A,3,15,0.52,1487.37,749.56,0,1487.37,0.61,2446.99,0.6
344,set015-3-09-2020-A3_344.txt,T2,A-3,A,3,15,0,0,0,0,0,0,2168.47,0
390,set015-3-09-2020-A3_390.txt,T2,A-3,A,3,15,0,0,0.63,0,0,0,2320.59,0
406,set015-3-09-2020-A3_406.txt,T2,A-3,A,3,15,0.29,31277.03,8581.95,63.61,22378.66,0.97,32410.59,0.59
431,set015-3-09-2020-A3_431.txt,T2,A-3,A,3,15,0,0,0,0,0,0,2281.31,0
104,set015-3-09-2020-A4_104.txt,T2,A-4,A,4,15,0,0,0,0,0,0,1960.79,0
146,set015-3-09-2020-A4_146.txt,T2,A-4,A,4,15,0,0,0,0,0,0,2185.47,0
184,set015-3-09-2020-A4_184.txt,T2,A-4,A,4,15,0.15,7.36,5.65,0,7.36,0.0,1980.67,0.15
213,set015-3-09-2020-A4_213.txt,T2,A-4,A,4,15,0.23,9.73,5.03,0,7.67,0.0,2200.75,0.42
222,set015-3-09-2020-A4_222.txt,T2,A-4,A,4,15,0,0,0.63,0,0,0,1944.51,0
228,set015-3-09-2020-A4_228.txt,T2,A-4,A,4,15,0.22,3492.51,730.71,0,3492.51,0.77,4540.59,0.53
231,set015-3-09-2020-A4_231.txt,T2,A-4,A,4,15,0.2,1243.99,8.17,0,643.98,0.53,2328.67,0.36
259,set015-3-09-2020-A4_259.txt,T2,A-4,A,4,15,0.23,8.06,3.77,0,8.06,0.0,2096.55,0.23
330,set015-3-09-2020-A4_330.txt,T2,A-4,A,4,15,0,0,0,0,0,0,2149.39,0
339,set015-3-09-2020-A4_339.txt,T2,A-4,A,4,15,0,0,0,0,0,0,2048.31,0
354,set015-3-09-2020-A4_354.txt,T2,A-4,A,4,15,0.55,0,2.51,0,0,0,2243.27,0.48
388,set015-3-09-2020-A4_388.txt,T2,A-4,A,4,15,0.24,667.17,155.82,0,667.17,0.31,2157.95,0.44
418,set015-3-09-2020-A4_418.txt,T2,A-4,A,4,15,0,0,0,0,0,0,2355.95,0
130,set015-3-09-2020-B1_130.txt,T2,B-1,B,1,15,0,0,0,0,0,0,2395.39,0
25,set015-3-09-2020-B1_25.txt,T2,B-1,B,1,15,0.32,4308.39,1343.93,0,4308.39,0.94,4578.19,0.58
7,set015-3-09-2020-B1_7.txt,T2,B-1,B,1,15,0.27,40806.91,10887.18,0,22027.51,0.99,41175.39,0.55
188,set015-3-09-2020-B2_188.txt,T2,B-2,B,2,15,0,0,0,0,0,0,1948.19,0
249,set015-3-09-2020-B2_249.txt,T2,B-2,B,2,15,0.26,1267.8,324.83,0,1267.8,0.6,2098.91,0.46
268,set015-3-09-2020-B2_268.txt,T2,B-2,B,2,15,0.21,25368.72,5025.14,92.22,23793.74,0.98,26001.87,0.57
147,set015-3-09-2020-B3_147.txt,T2,B-3,B,3,15,0.28,38561.18,10650.94,0,38236.64,0.94,41167.07,0.85
17,set015-3-09-2020-B3_17.txt,T2,B-3,B,3,15,0.21,606.21,7.54,0,592.72,0.25,2402.83,0.31
319,set015-3-09-2020-B3_319.txt,T2,B-3,B,3,15,0.22,1147.79,248.81,0,1147.79,0.49,2356.87,0.4
49,set015-3-09-2020-B3_49.txt,T2,B-3,B,3,15,0,0,0,0,0,0,2222.19,0
101,set015-3-09-2020-B4_101.txt,T2,B-4,B,4,15,0,0,0,0,0,0,2164.39,0
118,set015-3-09-2020-B4_118.txt,T2,B-4,B,4,15,0,0,0,0,0,0,2269.35,0
20,set015-3-09-2020-B4_20.txt,T2,B-4,B,4,15,0,0,0,0,0,0,2410.31,0
200,set015-3-09-2020-B4_200.txt,T2,B-4,B,4,15,0.15,1623.84,473.11,0,1434.05,0.25,6480.15,0.32
24,set015-3-09-2020-B4_24.txt,T2,B-4,B,4,15,0.29,81.99,22.62,0,43.83,0.04,1933.91,0.45
323,set015-3-09-2020-B4_323.txt,T2,B-4,B,4,15,0.26,2710.3,686.73,0,2710.3,0.65,4154.71,0.35
360,set015-3-09-2020-B4_360.txt,T2,B-4,B,4,15,0,0,0,0,0,0,1938.47,0
391,set015-3-09-2020-B4_391.txt,T2,B-4,B,4,15,0.35,1393.0,465.57,178.67,1214.33,0.69,2017.31,0.51
63,set015-3-09-2020-B4_63.txt,T2,B-4,B,4,15,0,0,0,0,0,0,2101.95,0
87,set015-3-09-2020-B4_87.txt,T2,B-4,B,4,15,0,0,0,0,0,0,2222.99,0
9,set015-3-09-2020-B4_9.txt,T2,B-4,B,4,15,0,0,0,0,0,0,2355.35,0
1,set016-3-10-2020-A1_1.txt,T2,A-1,A,1,16,0.52,322.83,157.07,0,322.83,0.15,2197.71,0.56
250,set016-3-10-2020-A1_250.txt,T2,A-1,A,1,16,0,0,0,0,0,0,1916.79,0
353,set016-3-10-2020-A1_353.txt,T2,A-1,A,1,16,0.19,28588.39,4771.94,60.53,11479.88,0.79,36327.75,0.58
401,set016-3-10-2020-A1_401.txt,T2,A-1,A,1,16,0,0,0,0,0,0,2123.91,0
54,set016-3-10-2020-A1_54.txt,T2,A-1,A,1,16,0,0,0,0,0,0,1884.83,0
71,set016-3-10-2020-A1_71.txt,T2,A-1,A,1,16,0.21,4569.47,856.37,0,3123.49,0.81,5638.27,0.51
14,set016-3-10-2020-A2_14.txt,T2,A-2,A,2,16,0,0,0,0,0,0,2075.95,0
203,set016-3-10-2020-A2_203.txt,T2,A-2,A,2,16,0,0,0,0,0,0,3025.67,0
3,set016-3-10-2020-A2_3.txt,T2,A-2,A,2,16,0.36,1407.86,486.3,152.74,1255.12,0.64,2204.23,0.46
426,set016-3-10-2020-A2_426.txt,T2,A-2,A,2,16,0.29,10471.79,2905.89,0,10471.79,0.9,11571.75,0.56
245,set016-3-10-2020-A3_245.txt,T2,A-3,A,3,16,0,0,0,0,0,0,2210.55,0
324,set016-3-10-2020-A3_324.txt,T2,A-3,A,3,16,0.35,48082.22,16463.34,0,48082.22,1.0,48217.43,0.62
156,set016-3-10-2020-A4_156.txt,T2,A-4,A,4,16,0,0,0,0,0,0,1914.99,0
206,set016-3-10-2020-A4_206.txt,T2,A-4,A,4,16,0,0,0,0,0,0,2218.71,0
210,set016-3-10-2020-A4_210.txt,T2,A-4,A,4,16,0.25,2785.43,694.27,0,2785.43,0.72,3855.03,0.45
218,set016-3-10-2020-A4_218.txt,T2,A-4,A,4,16,0.42,10830.25,4450.25,0,10830.25,0.86,12618.23,0.9
246,set016-3-10-2020-A4_246.txt,T2,A-4,A,4,16,0,0,0,0,0,0,1918.23,0
48,set016-3-10-2020-A4_48.txt,T2,A-4,A,4,16,0,0,0,0,0,0,1866.71,0
59,set016-3-10-2020-A4_59.txt,T2,A-4,A,4,16,0,0,0,0,0,0,2182.27,0
10,set016-3-10-2020-B1_10.txt,T2,B-1,B,1,16,0.3,8561.37,2489.32,0,8561.37,0.89,9636.91,0.54
247,set016-3-10-2020-B1_247.txt,T2,B-1,B,1,16,0.24,24.41,3.14,0,24.41,0.01,2860.43,0.27
314,set016-3-10-2020-B1_314.txt,T2,B-1,B,1,16,0,0,0,0,0,0,2219.83,0
393,set016-3-10-2020-B1_393.txt,T2,B-1,B,1,16,0,0,0,0,0,0,2412.79,0
6,set016-3-10-2020-B1_6.txt,T2,B-1,B,1,16,0.38,37066.7,13521.64,0,34142.19,0.99,37384.31,0.54
169,set016-3-10-2020-B2_169.txt,T2,B-2,B,2,16,0.18,10208.76,1493.47,104.98,1868.51,0.85,12058.07,1.0
170,set016-3-10-2020-B2_170.txt,T2,B-2,B,2,16,0.53,0,1.88,0,0,0,2218.79,0.52
201,set016-3-10-2020-B2_201.txt,T2,B-2,B,2,16,0,0,0,0,0,0,1944.23,0
258,set016-3-10-2020-B2_258.txt,T2,B-2,B,2,16,0.3,27.3,7.54,0,24.24,0.01,2853.11,0.45
108,set016-3-10-2020-B3_108.txt,T2,B-3,B,3,16,0.41,535.03,8.17,0,506.09,0.24,2217.95,0.92
115,set016-3-10-2020-B3_115.txt,T2,B-3,B,3,16,0,0,1.26,0,0,0,1903.31,0
225,set016-3-10-2020-B3_225.txt,T2,B-3,B,3,16,0.23,8709.48,1932.65,0,8709.48,0.9,9646.55,0.4
267,set016-3-10-2020-B3_267.txt,T2,B-3,B,3,16,0,0,0,0,0,0,2419.43,0
342,set016-3-10-2020-B3_342.txt,T2,B-3,B,3,16,0,0,0,0,0,0,2846.03,0
116,set016-3-10-2020-B4_116.txt,T2,B-4,B,4,16,0.34,63.01,22.62,0,31.27,0.02,2837.31,0.47
119,set016-3-10-2020-B4_119.txt,T2,B-4,B,4,16,0.26,55.09,14.45,0,27.0,0.03,1978.07,0.32
343,set016-3-10-2020-B4_343.txt,T2,B-4,B,4,16,0.14,1115.2,150.79,66.26,690.82,0.46,2427.15,0.4
420,set016-3-10-2020-B4_420.txt,T2,B-4,B,4,16,0,0,0,0,0,0,1800.39,0
53,set016-3-10-2020-B4_53.txt,T2,B-4,B,4,16,0.2,7174.61,1370.32,0,7145.95,0.77,9364.75,0.68
